<aetgt:getResponse xmlns:aetgt="http://schemas.active-endpoints.com/appmodules/repository/2010/10/avrepository.xsd"
                   xmlns:types1="http://schemas.active-endpoints.com/appmodules/repository/2010/10/avrepository.xsd">
   <types1:Item>
      <types1:EntryId>uBxiggor3rp3yD7-gt-6381103-2023-11-15T10:49:15.338Z::conn.xml</types1:EntryId>
      <types1:Name>FileWritter-2</types1:Name>
      <types1:ParentFlowIds>n9yCEx9dwMbgbdo-gt-5967841-2023-11-14T12:02:40.223Z::pd.xml</types1:ParentFlowIds>
      <types1:MimeType>application/xml+connection</types1:MimeType>
      <types1:Description/>
      <types1:AppliesTo/>
      <types1:Tags>.agent:ZIL882</types1:Tags>
      <types1:VersionLabel>1.0</types1:VersionLabel>
      <types1:State>CURRENT</types1:State>
      <types1:ProcessGroup/>
      <types1:CreatedBy>kaustubh.nimbalkar@perficient.com</types1:CreatedBy>
      <types1:CreationDate>2023-11-15T10:49:15Z</types1:CreationDate>
      <types1:ModifiedBy>kaustubh.nimbalkar@perficient.com</types1:ModifiedBy>
      <types1:ModificationDate>2023-11-20T17:18:27Z</types1:ModificationDate>
      <types1:PublicationStatus>published</types1:PublicationStatus>
      <types1:PublishedBy>kaustubh.nimbalkar@perficient.com</types1:PublishedBy>
      <types1:PublicationDate>2023-11-20T18:26:05Z</types1:PublicationDate>
      <types1:PublishedContributionId>project:/rt.connection/FileWritter-2/FileWritter-2.conn.xml</types1:PublishedContributionId>
      <types1:AutosaveExists>false</types1:AutosaveExists>
      <types1:Entry>
         <connection xmlns="http://schemas.informatica.com/socrates/data-services/2014/04/avosConnections.xsd"
                     displayName="FileWritter"
                     label="FileWritter"
                     name="FileWritter-2">
            <description/>
            <tags>.agent:ZIL882</tags>
            <agent>ZIL882</agent>
            <producers>
               <producer enabled="true" name="FileWriter" typeName="FileWriter">
                  <description>Use this event target to write output to a file.</description>
                  <attributes>
                     <attribute encrypted="false"
                                name="directoryName"
                                value="C:\CAI Informatica\JobsPOC"/>
                     <attribute encrypted="false" name="fileExist" value="Append"/>
                     <attribute encrypted="false" name="moveExisting" value=""/>
                     <attribute encrypted="false" name="eagerDeleteTargetFile" value="true"/>
                     <attribute encrypted="false" name="tempPrefix" value=""/>
                     <attribute encrypted="false" name="tempFileName" value=""/>
                     <attribute encrypted="false" name="forceWrites" value="true"/>
                     <attribute encrypted="false" name="bufferSize" value=""/>
                     <attribute encrypted="false" name="charset" value=""/>
                  </attributes>
               </producer>
            </producers>
            <javaConnector xmlns="http://schemas.informatica.com/appmodules/screenflow/2014/04/avosConnectors.xsd"
                           agentOnly="true"
                           plugin="Camel"
                           supportsConnectionTest="true"
                           supportsDataPreview="false"
                           supportsOData="false"
                           supportsPublishSkipMetadataRefresh="false"
                           type="File"
                           uuid="ac000300-d9fe-11e4-8830-0800200c9a66">
               <description>Provides connections to file monitoring brokers.</description>
            </javaConnector>
         </connection>
      </types1:Entry>
      <types1:GUID>9UV3CovFIvVfmPJwSoTJ8t</types1:GUID>
      <types1:DisplayName>FileWritter</types1:DisplayName>
   </types1:Item>
   <types1:CurrentServerDateTime>2023-11-21T08:46:57.318Z</types1:CurrentServerDateTime>
</aetgt:getResponse>
